Deliverable,EndDate,FirstAddedDate,GeoX,GeoY,HazardousSubstances,Hectares,LastUpdatedDate,MinNetDwellings,NetDwellingsRangeFrom,NetDwellingsRangeTo,Notes,OrganisationLabel,OrganisationURI,OwnershipStatus,PermissionDate,PermissionType,PlanningHistory,PlanningStatus,point,SiteNameAddress,SiteplanURL,SiteReference
yes,,2017-10-31,-2.55571,51.713382,,0.12,2017-10-31,5,5,5,Redevelopment of business premises in a village centre with scope for small residential scheme. Alternative business premises nearby. The site is within the Conservation Area and close to two Listed Buildings. The Cross which is on the boundary is an ancient monument. new building or conversion of existing business premises,Forest of Dean District Council,http://opendatacommunities.org/id/district-council/forest-of-dean,not owned by a public authority,,,,not permissioned,,High Street Aylburton,http://maps.glosdistricts.org/map/Aurora.svc/run?script=%5cAurora%5cFoDDC+-+SHLAA.AuroraScript%24&nocache=1347652503&resize=always&inspect_query=Brownfield_Land_Registery&inspect_value=Aurora41&scale=1024,49
yes,,2017-10-31,-2.573421,51.752527,,0.12,2017-10-31,5,5,5,conversion to five dwellings. permission for conversion to 5 dwellings,Forest of Dean District Council,http://opendatacommunities.org/id/district-council/forest-of-dean,not owned by a public authority,2014-05-14,full planning permission,https://publicaccess.fdean.gov.uk/online-applications/applicationDetails.do?activeTab=summary&keyVal=MHHO98HI00T00,permissioned,,The Keys High Street Bream,http://maps.glosdistricts.org/map/Aurora.svc/run?script=%5cAurora%5cFoDDC+-+SHLAA.AuroraScript%24&nocache=1347652503&resize=always&inspect_query=Brownfield_Land_Registery&inspect_value=Aurora47&scale=1024,52
,,2017-10-31,-2.571779,51.750959,,0.19,2017-10-31,5,5,7,alternative use of site currently occupied by business premises. new build to replace existing employment use,Forest of Dean District Council,http://opendatacommunities.org/id/district-council/forest-of-dean,not owned by a public authority,,,,not permissioned,,Lansdown Walk Bream,http://maps.glosdistricts.org/map/Aurora.svc/run?script=%5cAurora%5cFoDDC+-+SHLAA.AuroraScript%24&nocache=1347652503&resize=always&inspect_query=Brownfield_Land_Registery&inspect_value=Aurora35&scale=1024,42
yes,,2017-10-31,-2.577917,51.74896,,0.93,2017-10-31,14,14,25,"permission has been given for the redevelopment of rugby club and hard standing to provide for its relocation and additionally 14 dwellings. Remainder of site is suitable for redevelopment and possibly some element of conversion.. Most of site covered by outline permission for demolition of existing clubhouse, associated changing rooms and outbuilding. Redevelopment of the site to provide new dwellings (14 no) and new clubhouse and associated parking facilities.",Forest of Dean District Council,http://opendatacommunities.org/id/district-council/forest-of-dean,not owned by a public authority,2014-10-06,outline planning permission,https://publicaccess.fdean.gov.uk/online-applications/applicationDetails.do?activeTab=summary&keyVal=N81H8LHIGC900,permissioned,,High Street RFC Club Bream,http://maps.glosdistricts.org/map/Aurora.svc/run?script=%5cAurora%5cFoDDC+-+SHLAA.AuroraScript%24&nocache=1347652503&resize=always&inspect_query=Brownfield_Land_Registery&inspect_value=Aurora1&scale=1024,2
yes,,2017-10-31,-2.506386,51.823711,,0.09,2017-10-31,8,8,10,current permission for conversion of former pub to 10 flats. Associated with larger Station Street site and allocated in AP. permission for change of use of public house to 10 apartments,Forest of Dean District Council,http://opendatacommunities.org/id/district-council/forest-of-dean,not owned by a public authority,2016-07-13,full planning permission,https://publicaccess.fdean.gov.uk/online-applications/applicationDetails.do?activeTab=summary&keyVal=O5MH6GHI0AF00,permissioned,,Railway Tavern Station Street Cinderford,http://maps.glosdistricts.org/map/Aurora.svc/run?script=%5cAurora%5cFoDDC+-+SHLAA.AuroraScript%24&nocache=1347652503&resize=always&inspect_query=Brownfield_Land_Registery&inspect_value=Aurora4&scale=1024,4
yes,,2017-10-31,-2.518022,53.185294,,0.19,2017-10-31,5,5,5,former school now subject to application for conversion close to school site referred to above but not contiguous with it. current application for conversion of former school,Forest of Dean District Council,http://opendatacommunities.org/id/district-council/forest-of-dean,owned by a public authority,,,https://publicaccess.fdean.gov.uk/online-applications/applicationDetails.do?activeTab=summary&keyVal=OTQY0JHIMW800,pending decision,,St Whites former school Cinderford,http://maps.glosdistricts.org/map/Aurora.svc/run?script=%5cAurora%5cFoDDC+-+SHLAA.AuroraScript%24&nocache=1347652503&resize=always&inspect_query=Brownfield_Land_Registery&inspect_value=Aurora42&scale=1024,0
yes,,2017-10-31,-2.501174,51.813252,,0.41,2017-10-31,5,5,8,former school now subject of planning application. current application for redevelopment of site for new dwellings,Forest of Dean District Council,http://opendatacommunities.org/id/district-council/forest-of-dean,owned by a public authority,,,https://publicaccess.fdean.gov.uk/online-applications/applicationDetails.do?activeTab=summary&keyVal=OSVRT1HIMRF00,pending decision,,St Whites Old School West Cinderford,http://maps.glosdistricts.org/map/Aurora.svc/run?script=%5cAurora%5cFoDDC+-+SHLAA.AuroraScript%24&nocache=1347652503&resize=always&inspect_query=Brownfield_Land_Registery&inspect_value=Aurora9&scale=1024,14
yes,,2017-10-31,-2.51211,51.838122,,0.43,2017-10-31,12,12,17,"part of site which is previously developed, owned by HCA and suitable for new housing. Identified in AAP. Some units deliverable within five years.. previously developed part of a site allocated for housing under AAP",Forest of Dean District Council,http://opendatacommunities.org/id/district-council/forest-of-dean,owned by a public authority,,,,not permissioned,,Newtown Road Cinderford,http://maps.glosdistricts.org/map/Aurora.svc/run?script=%5cAurora%5cFoDDC+-+SHLAA.AuroraScript%24&nocache=1347652503&resize=always&inspect_query=Brownfield_Land_Registery&inspect_value=Aurora3&scale=1024,46
yes,,2017-10-31,-2.508947,51.822264,,0.53,2017-10-31,15,15,20,"A further parcel of land adjoins the former foundry site (listed elsewhere) and can be developed on its own or preferably in conjunction with it. Not cleared but occupied by open storage and a single dwelling, could deliver some dwellings within five years. new housing on site used for employment related use and residential",Forest of Dean District Council,http://opendatacommunities.org/id/district-council/forest-of-dean,not owned by a public authority,,,,not permissioned,,Valley Road Junction Cinderford Valley Road,http://maps.glosdistricts.org/map/Aurora.svc/run?script=%5cAurora%5cFoDDC+-+SHLAA.AuroraScript%24&nocache=1347652503&resize=always&inspect_query=Brownfield_Land_Registery&inspect_value=Aurora7&scale=1024,7
,,2017-10-31,-2.508023,51.825968,,0.71,2017-10-31,17,17,21,former training/ employment use but vacant and suitable for redevelopment. new housing on former employment/ training site now vacant,Forest of Dean District Council,http://opendatacommunities.org/id/district-council/forest-of-dean,owned by a public authority,,,,not permissioned,,Foxes Bridge Rd Cinderford,http://maps.glosdistricts.org/map/Aurora.svc/run?script=%5cAurora%5cFoDDC+-+SHLAA.AuroraScript%24&nocache=1347652503&resize=always&inspect_query=Brownfield_Land_Registery&inspect_value=Aurora49&scale=1024,10
,,2017-10-31,-2.508726,51.800046,,0.86,2017-10-31,20,20,30,"part former pithead baths and part under used employment site, all considered suitable for redevelopment for a variety of accommodation. new build on site of former employment",Forest of Dean District Council,http://opendatacommunities.org/id/district-council/forest-of-dean,not owned by a public authority,,,,not permissioned,,Tramway Road Ruspidge,http://maps.glosdistricts.org/map/Aurora.svc/run?script=%5cAurora%5cFoDDC+-+SHLAA.AuroraScript%24&nocache=1347652503&resize=always&inspect_query=Brownfield_Land_Registery&inspect_value=Aurora10&scale=1024,15
yes,,2017-10-31,-2.508067,51.822616,,0.96,2017-10-31,25,30,40,Adjoins land above and could be developed in conjunction with it or separately in a manner that would relate to its eventual development. Site cleared. Able to be commenced and with some delivery possible within five years. new housing on former employment site now cleared,Forest of Dean District Council,http://opendatacommunities.org/id/district-council/forest-of-dean,not owned by a public authority,,,,not permissioned,,Valley Road Former Foundry Cinderford,http://maps.glosdistricts.org/map/Aurora.svc/run?script=%5cAurora%5cFoDDC+-+SHLAA.AuroraScript%24&nocache=1347652503&resize=always&inspect_query=Brownfield_Land_Registery&inspect_value=Aurora6&scale=1024,6
,,2017-10-31,-2.50817,51.827446,,1.37,2017-10-31,35,35,45,former business / training use able to be redeveloped for housing and allocated for the purpose in the AP Now largely derelict. new housing on former employment site now largely derelict,Forest of Dean District Council,http://opendatacommunities.org/id/district-council/forest-of-dean,not owned by a public authority,,,,not permissioned,,Valley Road Former Employment Centre Cinderford,http://maps.glosdistricts.org/map/Aurora.svc/run?script=%5cAurora%5cFoDDC+-+SHLAA.AuroraScript%24&nocache=1347652503&resize=always&inspect_query=Brownfield_Land_Registery&inspect_value=Aurora7&scale=1024,9
,,2017-10-31,-2.506564,51.822998,,2.91,2017-10-31,90,90,120,largest element of site allocated in AP has had previous permissions but no longer current. Suitable for a variety of housing and may be developed in conjunction with adjoining land to which it must relate. new housing on former employment site largely vacant and derelict,Forest of Dean District Council,http://opendatacommunities.org/id/district-council/forest-of-dean,not owned by a public authority,,,,not permissioned,,Station Street Cinderford,http://maps.glosdistricts.org/map/Aurora.svc/run?script=%5cAurora%5cFoDDC+-+SHLAA.AuroraScript%24&nocache=1347652503&resize=always&inspect_query=Brownfield_Land_Registery&inspect_value=Aurora4&scale=1024,5
yes,,2017-10-31,-2.515198,51.837888,,6.8,2017-10-31,150,150,195,site owned by FoDDC- allocated in AAP and suitable for housing with a current outline approval for up to 195 dwellings part of hybrid scheme. Some delivery possible within five years. Outline permission for up to 195 dwellings as part of an hybrid permission. Site formerly part of,Forest of Dean District Council,http://opendatacommunities.org/id/district-council/forest-of-dean,owned by a public authority,2014-11-14,outline planning permission,https://publicaccess.fdean.gov.uk/online-applications/applicationDetails.do?activeTab=summary&keyVal=N4FS82HI01000,permissioned,,Steam Mills Rd Northern Quarter Cinderford,http://maps.glosdistricts.org/map/Aurora.svc/run?script=%5cAurora%5cFoDDC+-+SHLAA.AuroraScript%24&nocache=1347652503&resize=always&inspect_query=Brownfield_Land_Registery&inspect_value=Aurora2&scale=2048,40
yes,,2017-10-31,-2.618456,51.792905,,0.02,2017-10-31,6,8,8,"permission for new apartments. permission for construction of eight, two bedroom apartments. (Revised Scheme, originally 6)",Forest of Dean District Council,http://opendatacommunities.org/id/district-council/forest-of-dean,not owned by a public authority,2016-07-22,full planning permission,https://publicaccess.fdean.gov.uk/online-applications/search.do?action=simple&searchType=Application,permissioned,,Newland Street Coleford,http://maps.glosdistricts.org/map/Aurora.svc/run?script=%5cAurora%5cFoDDC+-+SHLAA.AuroraScript%24&nocache=1347652503&resize=always&inspect_query=Brownfield_Land_Registery&inspect_value=Aurora12&scale=1024,17
,,2017-10-31,-2.61609,51.794108,,0.04,2017-10-31,8,8,12,conversion and new build on former pub currently used in the interim for a shop but upper floors vacant. conversion of former pub and associated new build,Forest of Dean District Council,http://opendatacommunities.org/id/district-council/forest-of-dean,not owned by a public authority,,,,not permissioned,,Kings Head Coleford,http://maps.glosdistricts.org/map/Aurora.svc/run?script=%5cAurora%5cFoDDC+-+SHLAA.AuroraScript%24&nocache=1347652503&resize=always&inspect_query=Brownfield_Land_Registery&inspect_value=Aurora13&scale=1024,18
,,2017-10-31,-2.61891,51.793159,,0.12,2017-10-31,6,6,10,Listed frontage building and located in Conservation Area suitable for new development to rear and conversion of upper floors of frontage building site includes former tramroad which will need to be retained as an open feature. conversion of listed building and new build to retain ground floor commercial or retail unit,Forest of Dean District Council,http://opendatacommunities.org/id/district-council/forest-of-dean,not owned by a public authority,,,,not permissioned,,10-14 Newland Street Coleford,http://maps.glosdistricts.org/map/Aurora.svc/run?script=%5cAurora%5cFoDDC+-+SHLAA.AuroraScript%24&nocache=1347652503&resize=always&inspect_query=Brownfield_Land_Registery&inspect_value=Aurora43&scale=1024,53
yes,,2017-10-31,-2.617694,51.792163,,0.2,2017-10-31,7,7,12,vacant site allocated in AP for mixed development to include apartments. Likely to be developed by/ for Council as owners. new build to deliver retail/ commercial units and housing,Forest of Dean District Council,http://opendatacommunities.org/id/district-council/forest-of-dean,owned by a public authority,,,,not permissioned,,Former Lawnstone House Coleford,http://maps.glosdistricts.org/map/Aurora.svc/run?script=%5cAurora%5cFoDDC+-+SHLAA.AuroraScript%24&nocache=1347652503&resize=always&inspect_query=Brownfield_Land_Registery&inspect_value=Aurora14&scale=1024,19
,,2017-10-31,-2.619054,51.793632,,0.23,2017-10-31,12,12,20,suitable for conversion and new build within site. Close to Conservation Area and also listed Church. conversion and new build,Forest of Dean District Council,http://opendatacommunities.org/id/district-council/forest-of-dean,owned by a public authority,,,,not permissioned,,Boxbush Rd Coleford,http://maps.glosdistricts.org/map/Aurora.svc/run?script=%5cAurora%5cFoDDC+-+SHLAA.AuroraScript%24&nocache=1347652503&resize=always&inspect_query=Brownfield_Land_Registery&inspect_value=Aurora44&scale=1024,54
yes,,2017-10-31,-2.612685,51.810016,,0.24,2017-10-31,7,7,7,permitted scheme for the redevelopment of a former bus depot. Erection of 7 dwellings with associated works.,Forest of Dean District Council,http://opendatacommunities.org/id/district-council/forest-of-dean,not owned by a public authority,2017-08-16,full planning permission,https://publicaccess.fdean.gov.uk/online-applications/applicationDetails.do?activeTab=summary&keyVal=ORWL3NHIMMB00,permissioned,,Lakers Road Berry Hill Coleford,http://maps.glosdistricts.org/map/Aurora.svc/run?script=%5cAurora%5cFoDDC+-+SHLAA.AuroraScript%24&nocache=1347652503&resize=always&inspect_query=Brownfield_Land_Registery&inspect_value=Aurora11&scale=1024,16
yes,,2017-10-31,-2.610761,51.785736,,0.83,2017-10-31,15,15,20,part of a larger site which has a resolution to grant permission for up to 65 dwellings and B1 units. Previously developed element is approximately 50% of the total.. outline permission for up to 65 dwellings and B1 units on a larger site has been resolved to be granted. The PDL element of the permission is capable of supporting about 20 dwellings and B1 units.,Forest of Dean District Council,http://opendatacommunities.org/id/district-council/forest-of-dean,not owned by a public authority,2017-11-14,outline planning permission,https://publicaccess.fdean.gov.uk/online-applications/search.do?action=simple&searchType=Application,permissioned,,Tufthorn Avenue Coleford,http://maps.glosdistricts.org/map/Aurora.svc/run?script=%5cAurora%5cFoDDC+-+SHLAA.AuroraScript%24&nocache=1347652503&resize=always&inspect_query=Brownfield_Land_Registery&inspect_value=Aurora45&scale=1024,55
yes,,2017-10-31,-2.607103,51.810552,,0.98,2017-10-31,30,40,80,land to become available following the relocation of the present further education college as part of a mixed scheme. Identified in Allocations Plan as an opportunity for mixed development. May be developed on site of former college or part thereof. Site area of total brownfield element is approximately 2.6ha though not all may be available for redevelopment- available area between 0.98 ha and 2.6ha. new build on site suitable for redevelopment of some elements on site,Forest of Dean District Council,http://opendatacommunities.org/id/district-council/forest-of-dean,owned by a public authority,,,,not permissioned,,Five Acres campus Berry Hill surplus land,http://maps.glosdistricts.org/map/Aurora.svc/run?script=%5cAurora%5cFoDDC+-+SHLAA.AuroraScript%24&nocache=1347652503&resize=always&inspect_query=Brownfield_Land_Registery&inspect_value=Aurora15&scale=1024,20
yes,,2017-10-31,-2.517405,51.850007,,0.79,2017-10-31,7,7,12,"parts of site have permission although there may be some limited additional potential, likely to be developed for 7 dwellings. current permission for seven dwellings on parts of site",Forest of Dean District Council,http://opendatacommunities.org/id/district-council/forest-of-dean,not owned by a public authority,2015-07-15,outline planning permission,https://publicaccess.fdean.gov.uk/online-applications/search.do?action=simple&searchType=Application,permissioned,,Drybrook Road Drybrook,http://maps.glosdistricts.org/map/Aurora.svc/run?script=%5cAurora%5cFoDDC+-+SHLAA.AuroraScript%24&nocache=1347652503&resize=always&inspect_query=Brownfield_Land_Registery&inspect_value=Aurora16&scale=1024,21
,,2017-10-31,-2.483172,51.819754,,0.67,2017-10-31,16,16,20,Current use as garage but could be redeveloped for housing. Almost all within Conservation Area.. new housing on former employment site,Forest of Dean District Council,http://opendatacommunities.org/id/district-council/forest-of-dean,not owned by a public authority,,,,not permissioned,,Court Farm Littledean,http://maps.glosdistricts.org/map/Aurora.svc/run?script=%5cAurora%5cFoDDC+-+SHLAA.AuroraScript%24&nocache=1347652503&resize=always&inspect_query=Brownfield_Land_Registery&inspect_value=Aurora37&scale=1024,44
yes,,2017-10-31,-2.4535,51.867999,,0.15,2017-10-31,5,5,5,small haulage depot in area of residential/ mixed development has potential for redevelopment- within Conservation Area. new housing on former employment site,Forest of Dean District Council,http://opendatacommunities.org/id/district-council/forest-of-dean,not owned by a public authority,,,,not permissioned,,Adj Northumberland House Longhope,http://maps.glosdistricts.org/map/Aurora.svc/run?script=%5cAurora%5cFoDDC+-+SHLAA.AuroraScript%24&nocache=1347652503&resize=always&inspect_query=Brownfield_Land_Registery&inspect_value=Aurora17&scale=1024,22
,,2017-10-31,-2.455541,51.869121,,0.66,2017-10-31,6,6,10,mixed employment site allocated in plan to include a residential element. housing as part of a mixed redevelopment,Forest of Dean District Council,http://opendatacommunities.org/id/district-council/forest-of-dean,not owned by a public authority,,,,not permissioned,,Longhope Industrial Estate Longhope,http://maps.glosdistricts.org/map/Aurora.svc/run?script=%5cAurora%5cFoDDC+-+SHLAA.AuroraScript%24&nocache=1347652503&resize=always&inspect_query=Brownfield_Land_Registery&inspect_value=Aurora18&scale=1024,23
,,2017-10-31,-2.57894,51.843885,,0.39,2017-10-31,10,10,12,sawmill and related land for redevelopment. new housing on employment site (sawmill),Forest of Dean District Council,http://opendatacommunities.org/id/district-council/forest-of-dean,not owned by a public authority,,,,not permissioned,,Forge Hill Lydbrook Joys Green,http://maps.glosdistricts.org/map/Aurora.svc/run?script=%5cAurora%5cFoDDC+-+SHLAA.AuroraScript%24&nocache=1347652503&resize=always&inspect_query=Brownfield_Land_Registery&inspect_value=Aurora39&scale=1024,47
,,2017-10-31,-2.597909,51.853917,,0.98,2017-10-31,0,10,10,part of larger area separated by road and suitable for part development for housing which could be carried out independently of remainder of allocation. housing as an element of mixed development,Forest of Dean District Council,http://opendatacommunities.org/id/district-council/forest-of-dean,not owned by a public authority,,,,not permissioned,,Former Temco Lydbrook,http://maps.glosdistricts.org/map/Aurora.svc/run?script=%5cAurora%5cFoDDC+-+SHLAA.AuroraScript%24&nocache=1347652503&resize=always&inspect_query=Brownfield_Land_Registery&inspect_value=Aurora21&scale=1024,26
yes,,2017-10-31,-2.586174,51.844294,,1.55,2017-10-31,30,30,45,includes site granted permission but lapsed for new dwellings on former employment site. Adjoining land of same ownership/ character included in register. new housing on former employment site,Forest of Dean District Council,http://opendatacommunities.org/id/district-council/forest-of-dean,not owned by a public authority,,,,not permissioned,,Former Rothdean Main Road Lydbrook,http://maps.glosdistricts.org/map/Aurora.svc/run?script=%5cAurora%5cFoDDC+-+SHLAA.AuroraScript%24&nocache=1347652503&resize=always&inspect_query=Brownfield_Land_Registery&inspect_value=Aurora19&scale=2048,24
,,2017-10-31,-2.600596,51.85448,,7.75,2017-10-31,25,25,45,element of much larger site which is identified for mixed development degree of housing is flexible within terms of the policy. housing as an element of mixed development,Forest of Dean District Council,http://opendatacommunities.org/id/district-council/forest-of-dean,not owned by a public authority,,,,not permissioned,,Stowfield Works Lydbrook,http://maps.glosdistricts.org/map/Aurora.svc/run?script=%5cAurora%5cFoDDC+-+SHLAA.AuroraScript%24&nocache=1347652503&resize=always&inspect_query=Brownfield_Land_Registery&inspect_value=Aurora20&scale=2048,25
,,2017-10-31,-2.529795,51.724701,,0.19,2017-10-31,5,5,8,small area undeveloped (former gasholder and adjoining premises which could be redeveloped) majority in public ownership. redevelopment of former utility and employment sites,Forest of Dean District Council,http://opendatacommunities.org/id/district-council/forest-of-dean,mixed ownership,,,,not permissioned,,Swan Rd Lydney,http://maps.glosdistricts.org/map/Aurora.svc/run?script=%5cAurora%5cFoDDC+-+SHLAA.AuroraScript%24&nocache=1347652503&resize=always&inspect_query=Brownfield_Land_Registery&inspect_value=Aurora38&scale=1024,45
yes,,2017-10-31,-2.536787,51.724644,,0.29,2017-10-31,10,10,15,current application for majority of site but this area which is slightly larger includes garage court adjoining.. new housing as redevelopment of town centre site,Forest of Dean District Council,http://opendatacommunities.org/id/district-council/forest-of-dean,not owned by a public authority,,,https://publicaccess.fdean.gov.uk/online-applications/search.do?action=simple&searchType=Application,pending decision,,Rear of High Street Lydney,http://maps.glosdistricts.org/map/Aurora.svc/run?script=%5cAurora%5cFoDDC+-+SHLAA.AuroraScript%24&nocache=1347652503&resize=always&inspect_query=Brownfield_Land_Registery&inspect_value=Aurora36&scale=1024,43
yes,,2017-10-31,-2.491199,51.86511,,0.43,2017-10-31,8,12,12,former coach depot now allocated in plan for about 12 dwellings adjoins conservation area and close to Grade 1 listed church. redevelopment for housing,Forest of Dean District Council,http://opendatacommunities.org/id/district-council/forest-of-dean,not owned by a public authority,,,,not permissioned,,St Michaels Close Coach depot Mitcheldean,http://maps.glosdistricts.org/map/Aurora.svc/run?script=%5cAurora%5cFoDDC+-+SHLAA.AuroraScript%24&nocache=1347652503&resize=always&inspect_query=Brownfield_Land_Registery&inspect_value=Aurora25&scale=1024,31
,,2017-10-31,-2.530996,51.71506,,1.04,2017-10-31,5,5,20,within an area identified for redevelopment including the station itself there is potential for an element of new housing supported by the plan policy. housing component of mixed development scheme,Forest of Dean District Council,http://opendatacommunities.org/id/district-council/forest-of-dean,owned by a public authority,,,,not permissioned,,Railway Station Lydney,http://maps.glosdistricts.org/map/Aurora.svc/run?script=%5cAurora%5cFoDDC+-+SHLAA.AuroraScript%24&nocache=1347652503&resize=always&inspect_query=Brownfield_Land_Registery&inspect_value=Aurora24&scale=1024,29
,,2017-10-31,-2.515909,51.733831,,1.08,2017-10-31,6,6,21,garage premises formerly covered by permission for housing redevelopment which could be developed accordingly. employment site (garage) to be redeveloped in whole or part for housing,Forest of Dean District Council,http://opendatacommunities.org/id/district-council/forest-of-dean,not owned by a public authority,,,,not permissioned,,Highfield Hill Lydney,http://maps.glosdistricts.org/map/Aurora.svc/run?script=%5cAurora%5cFoDDC+-+SHLAA.AuroraScript%24&nocache=1347652503&resize=always&inspect_query=Brownfield_Land_Registery&inspect_value=Aurora22&scale=1024,27
,,2017-10-31,-2.513979,51.710268,,4.82,2017-10-31,0,20,30,"part of large mixed allocation, which can include an element of housing as part of the mix. Likely to support up to 30 units but this is neither a fixed requirement nor an absolute limit. Currently vacant but subject to pre application consultation.. housing component of mixed development scheme",Forest of Dean District Council,http://opendatacommunities.org/id/district-council/forest-of-dean,not owned by a public authority,,,,not permissioned,,Pine End Works Harbour Road Lydney,http://maps.glosdistricts.org/map/Aurora.svc/run?script=%5cAurora%5cFoDDC+-+SHLAA.AuroraScript%24&nocache=1347652503&resize=always&inspect_query=Brownfield_Land_Registery&inspect_value=Aurora23&scale=2048,30
yes,,2017-10-31,-2.488906,51.864514,,0.31,2017-10-31,15,15,31,site with permission for 31 new units (flats) but could be dveloped for smaller number of houses. Former pub and associated outbuildings. development of housing on former pub,Forest of Dean District Council,http://opendatacommunities.org/id/district-council/forest-of-dean,not owned by a public authority,2015-07-20,outline planning permission,https://publicaccess.fdean.gov.uk/online-applications/applicationDetails.do?activeTab=summary&keyVal=NFBWB2HIH4U00,permissioned,,Stars Pitch Former George Hotel Mitcheldean,http://maps.glosdistricts.org/map/Aurora.svc/run?script=%5cAurora%5cFoDDC+-+SHLAA.AuroraScript%24&nocache=1347652503&resize=always&inspect_query=Brownfield_Land_Registery&inspect_value=Aurora26&scale=1024,32
,,2017-10-31,-2.487893,51.868032,,1.74,2017-10-31,40,40,50,allocated site presently within large employment area but suitable for housing served from a separate access. redevelopment of land and building within employment area,Forest of Dean District Council,http://opendatacommunities.org/id/district-council/forest-of-dean,not owned by a public authority,,,,not permissioned,,Bradley Court Rd Mitcheldean,http://maps.glosdistricts.org/map/Aurora.svc/run?script=%5cAurora%5cFoDDC+-+SHLAA.AuroraScript%24&nocache=1347652503&resize=always&inspect_query=Brownfield_Land_Registery&inspect_value=Aurora27&scale=1024,33
yes,,2017-10-31,-2.406607,51.93011,,0.16,2017-10-31,9,9,9,flats within built up area. Erection of 9 dwellings and associated works,Forest of Dean District Council,http://opendatacommunities.org/id/district-council/forest-of-dean,not owned by a public authority,2013-11-28,full planning permission,https://publicaccess.fdean.gov.uk/online-applications/applicationDetails.do?activeTab=summary&keyVal=KJOMV8HI01R00,permissioned,,9 Culver St Newent,http://maps.glosdistricts.org/map/Aurora.svc/run?script=%5cAurora%5cFoDDC+-+SHLAA.AuroraScript%24&nocache=1347652503&resize=always&inspect_query=Brownfield_Land_Registery&inspect_value=Aurora28&scale=1024,34
,,2017-10-31,-2.416945,53.246763,,0.26,2017-10-31,15,20,25,"identified in plan for range of redevelopment and conversion, this area is within the town centre and is presently a mixture of uses including garages outbuildings and retail/ residential. Site and plan policy identified in order to realise potential to provide additional mixed uses. mixed development opportunity within town centre",Forest of Dean District Council,http://opendatacommunities.org/id/district-council/forest-of-dean,not owned by a public authority,,,,not permissioned,,North of Church St Newent,http://maps.glosdistricts.org/map/Aurora.svc/run?script=%5cAurora%5cFoDDC+-+SHLAA.AuroraScript%24&nocache=1347652503&resize=always&inspect_query=Brownfield_Land_Registery&inspect_value=Aurora29&scale=1024,35
,,2017-10-31,-2.408926,51.934231,,0.52,2017-10-31,20,20,40,part of mixed use allocation totalling 30-40 dwellings. new housing as part of a mixed use allocation,Forest of Dean District Council,http://opendatacommunities.org/id/district-council/forest-of-dean,not owned by a public authority,,,,not permissioned,,Old Station Rd Newent,http://maps.glosdistricts.org/map/Aurora.svc/run?script=%5cAurora%5cFoDDC+-+SHLAA.AuroraScript%24&nocache=1347652503&resize=always&inspect_query=Brownfield_Land_Registery&inspect_value=Aurora48&scale=1024,56
,,2017-10-31,-2.45121,51.802067,,0.35,2017-10-31,15,20,25,Listed former hotel and land associated with it. Capable of being converted and redeveloped (the non listed element) to provide a variety of accommodation.. part new build part conversion of former hotel and adjoining buildings,Forest of Dean District Council,http://opendatacommunities.org/id/district-council/forest-of-dean,not owned by a public authority,,,,not permissioned,,Former Victoria Hotel Newnham,http://maps.glosdistricts.org/map/Aurora.svc/run?script=%5cAurora%5cFoDDC+-+SHLAA.AuroraScript%24&nocache=1347652503&resize=always&inspect_query=Brownfield_Land_Registery&inspect_value=Aurora30&scale=1024,36
yes,,2017-10-31,-2.545366,51.752331,,0.33,2017-10-31,5,5,5,permission for housing on former pithead site. new housing on former pithead,Forest of Dean District Council,http://opendatacommunities.org/id/district-council/forest-of-dean,not owned by a public authority,2015-08-15,outline planning permission,https://publicaccess.fdean.gov.uk/online-applications/applicationDetails.do?activeTab=summary&keyVal=NNXJ1CHI01000,permissioned,,Corner Rd Pillowell,http://maps.glosdistricts.org/map/Aurora.svc/run?script=%5cAurora%5cFoDDC+-+SHLAA.AuroraScript%24&nocache=1347652503&resize=always&inspect_query=Brownfield_Land_Registery&inspect_value=Aurora31&scale=1024,37
yes,,2017-10-31,-2.666713,51.647496,,0.09,2017-10-31,7,7,7,permission for new building to accommodate flats. redevelopment,Forest of Dean District Council,http://opendatacommunities.org/id/district-council/forest-of-dean,not owned by a public authority,2015-11-02,full planning permission,https://publicaccess.fdean.gov.uk/online-applications/search.do?action=simple&searchType=Application,permissioned,,Beachley Rd Adj High Cliffe Tutshill Sedbury,http://maps.glosdistricts.org/map/Aurora.svc/run?script=%5cAurora%5cFoDDC+-+SHLAA.AuroraScript%24&nocache=1347652503&resize=always&inspect_query=Brownfield_Land_Registery&inspect_value=Aurora32&scale=1024,38
yes,,2017-10-31,-2.65736,51.639128,,0.13,2017-10-31,5,5,10,outline permission for new building. outline permission for 10 flats on former garage site,Forest of Dean District Council,http://opendatacommunities.org/id/district-council/forest-of-dean,not owned by a public authority,2017-10-02,outline planning permission,https://publicaccess.fdean.gov.uk/online-applications/search.do?action=simple&searchType=Application,permissioned,,Beachley Rd Sedbury,http://maps.glosdistricts.org/map/Aurora.svc/run?script=%5cAurora%5cFoDDC+-+SHLAA.AuroraScript%24&nocache=1347652503&resize=always&inspect_query=Brownfield_Land_Registery&inspect_value=Aurora46&scale=1024,57
,,2017-10-31,-2.658251,51.642499,,0.84,2017-10-31,15,24,28,redevelopment opportunity within area of mixed but now increasingly similar uses. new housing on former employment site,Forest of Dean District Council,http://opendatacommunities.org/id/district-council/forest-of-dean,not owned by a public authority,,,,not permissioned,,Grahamstown Rd Sedbury,http://maps.glosdistricts.org/map/Aurora.svc/run?script=%5cAurora%5cFoDDC+-+SHLAA.AuroraScript%24&nocache=1347652503&resize=always&inspect_query=Brownfield_Land_Registery&inspect_value=Aurora40&scale=1024,48
,,2017-10-31,-2.604983,51.770688,,0.48,2017-10-31,12,12,15,former builders yard and premises suitable for redevelopment. new housing on former employment site,Forest of Dean District Council,http://opendatacommunities.org/id/district-council/forest-of-dean,not owned by a public authority,,,,not permissioned,,Adj The Laurels Sling,http://maps.glosdistricts.org/map/Aurora.svc/run?script=%5cAurora%5cFoDDC+-+SHLAA.AuroraScript%24&nocache=1347652503&resize=always&inspect_query=Brownfield_Land_Registery&inspect_value=Aurora34&scale=1024,41
,,2017-10-31,-2.551018,51.752182,,3.47,2017-10-31,25,30,35,part of mixed use allocation to include about 30 dwellings remainder of site for employment. Current use for employment and partially vacant and in need of refurbishment.. new housing on former employment site as part of mixed use allocation,Forest of Dean District Council,http://opendatacommunities.org/id/district-council/forest-of-dean,not owned by a public authority,,,,not permissioned,,Lydney Rd Whitecroft,http://maps.glosdistricts.org/map/Aurora.svc/run?script=%5cAurora%5cFoDDC+-+SHLAA.AuroraScript%24&nocache=1347652503&resize=always&inspect_query=Brownfield_Land_Registery&inspect_value=Aurora33&scale=2048,39
